{"cameraMode":{"drawMode":0,"name":"Shaded","section":"Shading Mode"},"sceneLighting":true,"audioPlay":false,"sceneViewState":{"showFog":false,"showMaterialUpdate":false,"showSkybox":false,"showFlares":false,"showImageEffects":false,"showParticleSystems":false},"in2DMode":false,"pivot":{"x":2.839608669281006,"y":3.4472506046295168,"z":-1.3090431690216065},"rotation":{"x":-0.036378730088472369,"y":0.9076273441314697,"z":0.08021538704633713,"w":0.4105514585971832},"size":1.0835914611816407,"orthographic":false}